{"cameraMode":{"drawMode":0,"name":"Shaded","section":"Shading Mode"},"sceneLighting":true,"audioPlay":false,"sceneViewState":{"showFog":true,"showMaterialUpdate":false,"showSkybox":true,"showFlares":true,"showImageEffects":true,"showParticleSystems":true},"in2DMode":false,"pivot":{"x":430.1851806640625,"y":-458.9710693359375,"z":2678.521484375},"rotation":{"x":0.08119198679924011,"y":-0.02753557451069355,"z":0.00225467118434608,"w":0.9963430166244507},"size":2986.870849609375,"orthographic":false}