{"cameraMode":{"drawMode":0,"name":"Shaded","section":"Shading Mode"},"sceneLighting":true,"audioPlay":false,"sceneViewState":{"showFog":true,"showMaterialUpdate":false,"showSkybox":true,"showFlares":true,"showImageEffects":true,"showParticleSystems":true},"in2DMode":false,"pivot":{"x":2182.177001953125,"y":-457.5137023925781,"z":-666.26171875},"rotation":{"x":0.035715918987989429,"y":0.8912510275840759,"z":-0.07128062099218369,"w":0.4464980661869049},"size":2986.860107421875,"orthographic":false}